communities,largest,largest_pct,smallest,average,median,singleton_count,model_id,rating,algorithm,edge_weight,resolution,nodes,edges,modularity,dataset
21,172,0.20140515222482436,2,40.666666666666664,18.0,0,1,General Audiences,Louvain,1,1.0,854,6368,0.31918920759227903,Model Evaluation Results
21,223,0.2611241217798595,2,40.666666666666664,18.0,0,2,General Audiences,Leiden,1,1.0,854,6368,0.35776806506227765,Model Evaluation Results
29,127,0.148711943793911,2,29.448275862068964,14.0,0,3,General Audiences,Louvain,1,1.5,854,6368,0.3132290472149458,Model Evaluation Results
29,104,0.12177985948477751,2,29.448275862068964,27.0,0,4,General Audiences,Leiden,1,1.5,854,6368,0.3658866085689124,Model Evaluation Results
37,66,0.07728337236533958,2,23.08108108108108,23.0,0,5,General Audiences,Louvain,1,2.0,854,6368,0.2845578185003672,Model Evaluation Results
33,65,0.07611241217798595,2,25.87878787878788,29.0,0,6,General Audiences,Leiden,1,2.0,854,6368,0.3555353814455442,Model Evaluation Results
42,42,0.04918032786885246,2,20.333333333333332,20.0,0,7,General Audiences,Louvain,1,2.5,854,6368,0.2656642841377731,Model Evaluation Results
43,54,0.06323185011709602,2,19.86046511627907,20.0,0,8,General Audiences,Leiden,1,2.5,854,6368,0.33588338352803604,Model Evaluation Results
50,38,0.04449648711943794,2,17.08,16.5,0,9,General Audiences,Louvain,1,3.0,854,6368,0.25478833445780985,Model Evaluation Results
48,34,0.03981264637002342,2,17.791666666666668,19.0,0,10,General Audiences,Leiden,1,3.0,854,6368,0.32571150892259676,Model Evaluation Results
53,35,0.040983606557377046,2,16.11320754716981,16.0,0,11,General Audiences,Louvain,1,3.5,854,6368,0.24527540759910693,Model Evaluation Results
54,33,0.03864168618266979,2,15.814814814814815,16.0,0,12,General Audiences,Leiden,1,3.5,854,6368,0.32144830475003794,Model Evaluation Results
11,116,0.4027777777777778,2,26.181818181818183,5.0,0,13,General Audiences,Louvain,2,1.0,288,967,0.25851690210469114,Model Evaluation Results
11,105,0.3645833333333333,2,26.181818181818183,17.0,0,14,General Audiences,Leiden,2,1.0,288,967,0.31874933829827967,Model Evaluation Results
13,70,0.24305555555555555,2,22.153846153846153,17.0,0,15,General Audiences,Louvain,2,1.5,288,967,0.23339160963584987,Model Evaluation Results
14,71,0.2465277777777778,2,20.571428571428573,19.5,0,16,General Audiences,Leiden,2,1.5,288,967,0.327068332533053,Model Evaluation Results
20,58,0.2013888888888889,2,14.4,12.5,0,17,General Audiences,Louvain,2,2.0,288,967,0.20494458147987557,Model Evaluation Results
19,59,0.2048611111111111,2,15.157894736842104,13.0,0,18,General Audiences,Leiden,2,2.0,288,967,0.3066066438595683,Model Evaluation Results
24,52,0.18055555555555555,2,12.0,9.0,0,19,General Audiences,Louvain,2,2.5,288,967,0.19451676545712102,Model Evaluation Results
24,52,0.18055555555555555,2,12.0,9.0,0,20,General Audiences,Leiden,2,2.5,288,967,0.29892609152711686,Model Evaluation Results
25,51,0.17708333333333334,2,11.52,8.0,0,21,General Audiences,Louvain,2,3.0,288,967,0.1833439287166021,Model Evaluation Results
26,52,0.18055555555555555,1,11.076923076923077,8.5,1,22,General Audiences,Leiden,2,3.0,288,967,0.2895809917558651,Model Evaluation Results
33,49,0.1701388888888889,2,8.727272727272727,6.0,0,23,General Audiences,Louvain,2,3.5,288,967,0.17049065221492088,Model Evaluation Results
33,49,0.1701388888888889,1,8.727272727272727,7.0,1,24,General Audiences,Leiden,2,3.5,288,967,0.2834949400538344,Model Evaluation Results
6,75,0.47770700636942676,6,26.166666666666668,17.0,0,25,General Audiences,Louvain,3,1.0,157,418,0.24506725035948065,Model Evaluation Results
6,73,0.46496815286624205,6,26.166666666666668,17.5,0,26,General Audiences,Leiden,3,1.0,157,418,0.3253187884892745,Model Evaluation Results
9,57,0.3630573248407643,6,17.444444444444443,11.0,0,27,General Audiences,Louvain,3,1.5,157,418,0.21755347419986232,Model Evaluation Results
9,58,0.36942675159235666,6,17.444444444444443,11.0,0,28,General Audiences,Leiden,3,1.5,157,418,0.3356922918431355,Model Evaluation Results
15,49,0.31210191082802546,2,10.466666666666667,6.0,0,29,General Audiences,Louvain,3,2.0,157,418,0.2028196520251263,Model Evaluation Results
14,49,0.31210191082802546,2,11.214285714285714,7.0,0,30,General Audiences,Leiden,3,2.0,157,418,0.33200361713330745,Model Evaluation Results
17,44,0.2802547770700637,2,9.235294117647058,8.0,0,31,General Audiences,Louvain,3,2.5,157,418,0.17772658046219528,Model Evaluation Results
18,45,0.28662420382165604,2,8.722222222222221,6.0,0,32,General Audiences,Leiden,3,2.5,157,418,0.3098229207206796,Model Evaluation Results
21,43,0.27388535031847133,2,7.476190476190476,6.0,0,33,General Audiences,Louvain,3,3.0,157,418,0.1622187734290407,Model Evaluation Results
23,43,0.27388535031847133,1,6.826086956521739,5.0,2,34,General Audiences,Leiden,3,3.0,157,418,0.30095751013026273,Model Evaluation Results
25,43,0.27388535031847133,1,6.28,5.0,2,35,General Audiences,Louvain,3,3.5,157,418,0.1578231348573089,Model Evaluation Results
25,43,0.27388535031847133,1,6.28,5.0,2,36,General Audiences,Leiden,3,3.5,157,418,0.28909880726173853,Model Evaluation Results
5,60,0.5263157894736842,8,22.8,15.0,0,37,General Audiences,Louvain,4,1.0,114,264,0.24983331606752388,Model Evaluation Results
5,60,0.5263157894736842,8,22.8,15.0,0,38,General Audiences,Leiden,4,1.0,114,264,0.35203598484848486,Model Evaluation Results
9,46,0.40350877192982454,3,12.666666666666666,10.0,0,39,General Audiences,Louvain,4,1.5,114,264,0.2194334149343038,Model Evaluation Results
9,48,0.42105263157894735,3,12.666666666666666,8.0,0,40,General Audiences,Leiden,4,1.5,114,264,0.3647411616161616,Model Evaluation Results
9,43,0.37719298245614036,4,12.666666666666666,8.0,0,41,General Audiences,Louvain,4,2.0,114,264,0.2112541301001488,Model Evaluation Results
9,44,0.38596491228070173,4,12.666666666666666,8.0,0,42,General Audiences,Leiden,4,2.0,114,264,0.37860135445362725,Model Evaluation Results
13,43,0.37719298245614036,3,8.76923076923077,5.0,0,43,General Audiences,Louvain,4,2.5,114,264,0.17467889918836604,Model Evaluation Results
12,43,0.37719298245614036,3,9.5,6.5,0,44,General Audiences,Leiden,4,2.5,114,264,0.3501707415059689,Model Evaluation Results
13,43,0.37719298245614036,3,8.76923076923077,5.0,0,45,General Audiences,Louvain,4,3.0,114,264,0.1746919686693789,Model Evaluation Results
13,43,0.37719298245614036,3,8.76923076923077,5.0,0,46,General Audiences,Leiden,4,3.0,114,264,0.342351067493113,Model Evaluation Results
30,30,0.2631578947368421,1,3.8,2.0,14,47,General Audiences,Louvain,4,3.5,114,264,0.1398373925924103,Model Evaluation Results
33,28,0.24561403508771928,1,3.4545454545454546,1.0,17,48,General Audiences,Leiden,4,3.5,114,264,0.2808339072543614,Model Evaluation Results
6,41,0.5,2,13.666666666666666,9.5,0,49,General Audiences,Louvain,5,1.0,82,179,0.22809670440275606,Model Evaluation Results
6,44,0.5365853658536586,4,13.666666666666666,7.0,0,50,General Audiences,Leiden,5,1.0,82,179,0.3266908024094129,Model Evaluation Results
9,32,0.3902439024390244,3,9.11111111111111,6.0,0,51,General Audiences,Louvain,5,1.5,82,179,0.20198124423188865,Model Evaluation Results
9,32,0.3902439024390244,3,9.11111111111111,6.0,0,52,General Audiences,Leiden,5,1.5,82,179,0.3634718017540026,Model Evaluation Results
11,29,0.35365853658536583,2,7.454545454545454,5.0,0,53,General Audiences,Louvain,5,2.0,82,179,0.19354536890829713,Model Evaluation Results
11,30,0.36585365853658536,2,7.454545454545454,5.0,0,54,General Audiences,Leiden,5,2.0,82,179,0.3519865172747417,Model Evaluation Results
12,29,0.35365853658536583,2,6.833333333333333,5.0,0,55,General Audiences,Louvain,5,2.5,82,179,0.16452823517889012,Model Evaluation Results
12,29,0.35365853658536583,2,6.833333333333333,5.0,0,56,General Audiences,Leiden,5,2.5,82,179,0.3292032083892513,Model Evaluation Results
14,29,0.35365853658536583,1,5.857142857142857,4.0,1,57,General Audiences,Louvain,5,3.0,82,179,0.15035722807892066,Model Evaluation Results
14,29,0.35365853658536583,1,5.857142857142857,4.0,1,58,General Audiences,Leiden,5,3.0,82,179,0.3143316375893387,Model Evaluation Results
36,9,0.10975609756097561,1,2.2777777777777777,1.0,23,59,General Audiences,Louvain,5,3.5,82,179,0.09660619389984978,Model Evaluation Results
36,9,0.10975609756097561,1,2.2777777777777777,1.0,23,60,General Audiences,Leiden,5,3.5,82,179,0.2203114759214758,Model Evaluation Results
8,32,0.47761194029850745,2,8.375,4.5,0,61,General Audiences,Louvain,6,1.0,67,133,0.21927938347837644,Model Evaluation Results
7,32,0.47761194029850745,2,9.571428571428571,5.0,0,62,General Audiences,Leiden,6,1.0,67,133,0.33192944767934873,Model Evaluation Results
9,23,0.34328358208955223,2,7.444444444444445,5.0,0,63,General Audiences,Louvain,6,1.5,67,133,0.1906994006191587,Model Evaluation Results
9,23,0.34328358208955223,2,7.444444444444445,5.0,0,64,General Audiences,Leiden,6,1.5,67,133,0.3715303295833568,Model Evaluation Results
11,21,0.31343283582089554,2,6.090909090909091,4.0,0,65,General Audiences,Louvain,6,2.0,67,133,0.17966036793587473,Model Evaluation Results
11,21,0.31343283582089554,2,6.090909090909091,4.0,0,66,General Audiences,Leiden,6,2.0,67,133,0.36474645259765964,Model Evaluation Results
11,21,0.31343283582089554,2,6.090909090909091,4.0,0,67,General Audiences,Louvain,6,2.5,67,133,0.17966036793587473,Model Evaluation Results
12,21,0.31343283582089554,1,5.583333333333333,3.5,1,68,General Audiences,Leiden,6,2.5,67,133,0.34753236474645266,Model Evaluation Results
14,21,0.31343283582089554,1,4.785714285714286,3.0,2,69,General Audiences,Louvain,6,3.0,67,133,0.1318200620934914,Model Evaluation Results
14,21,0.31343283582089554,1,4.785714285714286,3.0,2,70,General Audiences,Leiden,6,3.0,67,133,0.31033410594154565,Model Evaluation Results
36,7,0.1044776119402985,1,1.8611111111111112,1.0,24,71,General Audiences,Louvain,6,3.5,67,133,0.05423223266374523,Model Evaluation Results
36,7,0.1044776119402985,1,1.8611111111111112,1.0,24,72,General Audiences,Leiden,6,3.5,67,133,0.1801119339702641,Model Evaluation Results
14,282,0.22065727699530516,2,91.28571428571429,91.5,0,73,Teen And Up Audiences,Louvain,1,1.0,1278,15542,0.31168675583733213,Model Evaluation Results
15,299,0.23395931142410015,2,85.2,78.0,0,74,Teen And Up Audiences,Leiden,1,1.0,1278,15542,0.34689636423963977,Model Evaluation Results
22,152,0.1189358372456964,2,58.09090909090909,57.0,0,75,Teen And Up Audiences,Louvain,1,1.5,1278,15542,0.297360809362187,Model Evaluation Results
22,150,0.11737089201877934,2,58.09090909090909,55.5,0,76,Teen And Up Audiences,Leiden,1,1.5,1278,15542,0.3448877099675417,Model Evaluation Results
28,85,0.06651017214397496,2,45.642857142857146,43.0,0,77,Teen And Up Audiences,Louvain,1,2.0,1278,15542,0.2811232024235096,Model Evaluation Results
31,78,0.06103286384976526,2,41.225806451612904,41.0,0,78,Teen And Up Audiences,Leiden,1,2.0,1278,15542,0.33080575179942145,Model Evaluation Results
38,76,0.0594679186228482,2,33.63157894736842,30.5,0,79,Teen And Up Audiences,Louvain,1,2.5,1278,15542,0.2646580706085443,Model Evaluation Results
36,74,0.057902973395931145,2,35.5,34.0,0,80,Teen And Up Audiences,Leiden,1,2.5,1278,15542,0.31928424224430624,Model Evaluation Results
44,64,0.050078247261345854,2,29.045454545454547,27.5,0,81,Teen And Up Audiences,Louvain,1,3.0,1278,15542,0.2521978412059943,Model Evaluation Results
43,76,0.0594679186228482,2,29.72093023255814,30.0,0,82,Teen And Up Audiences,Leiden,1,3.0,1278,15542,0.3092530116814906,Model Evaluation Results
51,64,0.050078247261345854,2,25.058823529411764,25.0,0,83,Teen And Up Audiences,Louvain,1,3.5,1278,15542,0.24697158671980382,Model Evaluation Results
51,58,0.04538341158059468,2,25.058823529411764,24.0,0,84,Teen And Up Audiences,Leiden,1,3.5,1278,15542,0.3014473539729235,Model Evaluation Results
12,122,0.26991150442477874,2,37.666666666666664,27.5,0,85,Teen And Up Audiences,Louvain,2,1.0,452,2135,0.25229356487460014,Model Evaluation Results
12,132,0.2920353982300885,2,37.666666666666664,29.5,0,86,Teen And Up Audiences,Leiden,2,1.0,452,2135,0.3092691782437243,Model Evaluation Results
17,97,0.21460176991150443,2,26.58823529411765,26.0,0,87,Teen And Up Audiences,Louvain,2,1.5,452,2135,0.22970580120718215,Model Evaluation Results
17,73,0.16150442477876106,2,26.58823529411765,29.0,0,88,Teen And Up Audiences,Leiden,2,1.5,452,2135,0.29992310603359873,Model Evaluation Results
24,68,0.1504424778761062,2,18.833333333333332,16.0,0,89,Teen And Up Audiences,Louvain,2,2.0,452,2135,0.20050403769974096,Model Evaluation Results
23,64,0.1415929203539823,2,19.652173913043477,17.0,0,90,Teen And Up Audiences,Leiden,2,2.0,452,2135,0.2852381135200653,Model Evaluation Results
30,52,0.11504424778761062,2,15.066666666666666,13.0,0,91,Teen And Up Audiences,Louvain,2,2.5,452,2135,0.1868350242809498,Model Evaluation Results
27,53,0.1172566371681416,2,16.74074074074074,14.0,0,92,Teen And Up Audiences,Leiden,2,2.5,452,2135,0.2756558748196941,Model Evaluation Results
35,47,0.10398230088495575,2,12.914285714285715,10.0,0,93,Teen And Up Audiences,Louvain,2,3.0,452,2135,0.17724829875085601,Model Evaluation Results
33,48,0.10619469026548672,2,13.696969696969697,12.0,0,94,Teen And Up Audiences,Leiden,2,3.0,452,2135,0.26885585946283913,Model Evaluation Results
39,45,0.09955752212389381,2,11.58974358974359,10.0,0,95,Teen And Up Audiences,Louvain,2,3.5,452,2135,0.17122632377479904,Model Evaluation Results
40,46,0.10176991150442478,2,11.3,10.0,0,96,Teen And Up Audiences,Leiden,2,3.5,452,2135,0.25646452292284827,Model Evaluation Results
12,84,0.340080971659919,2,20.583333333333332,13.0,0,97,Teen And Up Audiences,Louvain,3,1.0,247,891,0.23400367118964419,Model Evaluation Results
11,83,0.3360323886639676,2,22.454545454545453,14.0,0,98,Teen And Up Audiences,Leiden,3,1.0,247,891,0.29751499280118804,Model Evaluation Results
15,52,0.21052631578947367,2,16.466666666666665,14.0,0,99,Teen And Up Audiences,Louvain,3,1.5,247,891,0.2050230856590737,Model Evaluation Results
14,53,0.2145748987854251,2,17.642857142857142,14.5,0,100,Teen And Up Audiences,Leiden,3,1.5,247,891,0.31342984653871303,Model Evaluation Results
21,48,0.19433198380566802,2,11.761904761904763,9.0,0,101,Teen And Up Audiences,Louvain,3,2.0,247,891,0.19073397058182645,Model Evaluation Results
22,49,0.19838056680161945,2,11.227272727272727,9.5,0,102,Teen And Up Audiences,Leiden,3,2.0,247,891,0.2938337105939051,Model Evaluation Results
26,41,0.1659919028340081,2,9.5,7.5,0,103,Teen And Up Audiences,Louvain,3,2.5,247,891,0.17082316070424544,Model Evaluation Results
25,42,0.1700404858299595,2,9.88,7.0,0,104,Teen And Up Audiences,Leiden,3,2.5,247,891,0.2853444030024652,Model Evaluation Results
30,38,0.15384615384615385,2,8.233333333333333,6.0,0,105,Teen And Up Audiences,Louvain,3,3.0,247,891,0.15941445589298814,Model Evaluation Results
28,38,0.15384615384615385,2,8.821428571428571,7.0,0,106,Teen And Up Audiences,Leiden,3,3.0,247,891,0.27367199870005715,Model Evaluation Results
32,38,0.15384615384615385,2,7.71875,6.0,0,107,Teen And Up Audiences,Louvain,3,3.5,247,891,0.15367401540061687,Model Evaluation Results
33,38,0.15384615384615385,2,7.484848484848484,6.0,0,108,Teen And Up Audiences,Leiden,3,3.5,247,891,0.26168405592273913,Model Evaluation Results
8,68,0.4171779141104294,2,20.375,9.5,0,109,Teen And Up Audiences,Louvain,4,1.0,163,481,0.21215100851554364,Model Evaluation Results
8,64,0.39263803680981596,2,20.375,13.0,0,110,Teen And Up Audiences,Leiden,4,1.0,163,481,0.2841576583780325,Model Evaluation Results
12,42,0.25766871165644173,2,13.583333333333334,9.5,0,111,Teen And Up Audiences,Louvain,4,1.5,163,481,0.18174497152612462,Model Evaluation Results
13,43,0.26380368098159507,2,12.538461538461538,9.0,0,112,Teen And Up Audiences,Leiden,4,1.5,163,481,0.3001975268087535,Model Evaluation Results
16,37,0.22699386503067484,2,10.1875,8.0,0,113,Teen And Up Audiences,Louvain,4,2.0,163,481,0.1625908506329124,Model Evaluation Results
15,37,0.22699386503067484,2,10.866666666666667,9.0,0,114,Teen And Up Audiences,Leiden,4,2.0,163,481,0.2876889363375852,Model Evaluation Results
19,32,0.19631901840490798,2,8.578947368421053,7.0,0,115,Teen And Up Audiences,Louvain,4,2.5,163,481,0.14609224016944322,Model Evaluation Results
21,33,0.20245398773006135,2,7.761904761904762,6.0,0,116,Teen And Up Audiences,Leiden,4,2.5,163,481,0.2590129710711832,Model Evaluation Results
21,32,0.19631901840490798,2,7.761904761904762,7.0,0,117,Teen And Up Audiences,Louvain,4,3.0,163,481,0.1387503307918533,Model Evaluation Results
21,32,0.19631901840490798,2,7.761904761904762,6.0,0,118,Teen And Up Audiences,Leiden,4,3.0,163,481,0.2648458469664292,Model Evaluation Results
25,31,0.1901840490797546,1,6.52,6.0,3,119,Teen And Up Audiences,Louvain,4,3.5,163,481,0.12953971087705868,Model Evaluation Results
25,31,0.1901840490797546,1,6.52,6.0,3,120,Teen And Up Audiences,Leiden,4,3.5,163,481,0.2544810923189303,Model Evaluation Results
8,49,0.3798449612403101,2,16.125,8.5,0,121,Teen And Up Audiences,Louvain,5,1.0,129,322,0.20884356209918845,Model Evaluation Results
8,52,0.40310077519379844,2,16.125,9.0,0,122,Teen And Up Audiences,Leiden,5,1.0,129,322,0.27965742062420434,Model Evaluation Results
12,45,0.3488372093023256,2,10.75,6.5,0,123,Teen And Up Audiences,Louvain,5,1.5,129,322,0.19012387125057054,Model Evaluation Results
13,40,0.31007751937984496,2,9.923076923076923,6.0,0,124,Teen And Up Audiences,Leiden,5,1.5,129,322,0.30416457698391275,Model Evaluation Results
15,34,0.26356589147286824,2,8.6,6.0,0,125,Teen And Up Audiences,Louvain,5,2.0,129,322,0.1621271552545957,Model Evaluation Results
15,35,0.2713178294573643,2,8.6,6.0,0,126,Teen And Up Audiences,Leiden,5,2.0,129,322,0.29805466610084497,Model Evaluation Results
17,32,0.24806201550387597,2,7.588235294117647,6.0,0,127,Teen And Up Audiences,Louvain,5,2.5,129,322,0.15072113193990294,Model Evaluation Results
17,32,0.24806201550387597,2,7.588235294117647,6.0,0,128,Teen And Up Audiences,Leiden,5,2.5,129,322,0.2846823039234598,Model Evaluation Results
20,31,0.24031007751937986,1,6.45,4.5,1,129,Teen And Up Audiences,Louvain,5,3.0,129,322,0.13567337086190606,Model Evaluation Results
22,30,0.23255813953488372,1,5.863636363636363,4.0,2,130,Teen And Up Audiences,Leiden,5,3.0,129,322,0.2714835461594847,Model Evaluation Results
23,30,0.23255813953488372,1,5.608695652173913,4.0,3,131,Teen And Up Audiences,Louvain,5,3.5,129,322,0.12785751883930474,Model Evaluation Results
25,30,0.23255813953488372,1,5.16,3.0,5,132,Teen And Up Audiences,Leiden,5,3.5,129,322,0.2646551058986923,Model Evaluation Results
7,41,0.40594059405940597,3,14.428571428571429,7.0,0,133,Teen And Up Audiences,Louvain,6,1.0,101,230,0.19641612310393547,Model Evaluation Results
6,49,0.48514851485148514,3,16.833333333333332,6.5,0,134,Teen And Up Audiences,Leiden,6,1.0,101,230,0.25717391304347825,Model Evaluation Results
9,36,0.3564356435643564,3,11.222222222222221,7.0,0,135,Teen And Up Audiences,Louvain,6,1.5,101,230,0.17830078278772848,Model Evaluation Results
9,36,0.3564356435643564,3,11.222222222222221,7.0,0,136,Teen And Up Audiences,Leiden,6,1.5,101,230,0.28680529300567104,Model Evaluation Results
16,31,0.3069306930693069,2,6.3125,4.0,0,137,Teen And Up Audiences,Louvain,6,2.0,101,230,0.14450523241385274,Model Evaluation Results
16,31,0.3069306930693069,2,6.3125,4.0,0,138,Teen And Up Audiences,Leiden,6,2.0,101,230,0.27237240075614355,Model Evaluation Results
17,30,0.297029702970297,2,5.9411764705882355,4.0,0,139,Teen And Up Audiences,Louvain,6,2.5,101,230,0.13675415284754838,Model Evaluation Results
17,30,0.297029702970297,1,5.9411764705882355,4.0,1,140,Teen And Up Audiences,Leiden,6,2.5,101,230,0.27294896030245736,Model Evaluation Results
18,30,0.297029702970297,1,5.611111111111111,3.5,1,141,Teen And Up Audiences,Louvain,6,3.0,101,230,0.1352038495932591,Model Evaluation Results
21,29,0.2871287128712871,1,4.809523809523809,3.0,4,142,Teen And Up Audiences,Leiden,6,3.0,101,230,0.2578544423440452,Model Evaluation Results
21,29,0.2871287128712871,1,4.809523809523809,3.0,3,143,Teen And Up Audiences,Louvain,6,3.5,101,230,0.12437730525726862,Model Evaluation Results
23,29,0.2871287128712871,1,4.391304347826087,3.0,5,144,Teen And Up Audiences,Leiden,6,3.5,101,230,0.2475803402646503,Model Evaluation Results
12,449,0.25968768074031234,2,144.08333333333334,101.0,0,145,Mature,Louvain,1,1.0,1729,35899,0.27803733056522945,Model Evaluation Results
13,513,0.2967032967032967,2,133.0,73.0,0,146,Mature,Leiden,1,1.0,1729,35899,0.29293439211087685,Model Evaluation Results
25,204,0.11798727588201273,2,69.16,63.0,0,147,Mature,Louvain,1,1.5,1729,35899,0.23832401889209168,Model Evaluation Results
20,268,0.1550028918449971,2,86.45,85.5,0,148,Mature,Leiden,1,1.5,1729,35899,0.2805347208761758,Model Evaluation Results
36,129,0.0746096009253904,2,48.02777777777778,49.5,0,149,Mature,Louvain,1,2.0,1729,35899,0.21085923103779422,Model Evaluation Results
37,130,0.07518796992481203,2,46.729729729729726,44.0,0,150,Mature,Leiden,1,2.0,1729,35899,0.2538870328714652,Model Evaluation Results
48,102,0.058993637941006365,2,36.020833333333336,36.0,0,151,Mature,Louvain,1,2.5,1729,35899,0.19677523732043037,Model Evaluation Results
47,93,0.05378831694621168,2,36.787234042553195,35.0,0,152,Mature,Leiden,1,2.5,1729,35899,0.2416603222891505,Model Evaluation Results
62,65,0.03759398496240601,2,27.887096774193548,26.0,0,153,Mature,Louvain,1,3.0,1729,35899,0.17980672915067322,Model Evaluation Results
61,62,0.035858877964141125,2,28.34426229508197,28.0,0,154,Mature,Leiden,1,3.0,1729,35899,0.2255692329710027,Model Evaluation Results
72,63,0.03643724696356275,2,24.01388888888889,22.5,0,155,Mature,Louvain,1,3.5,1729,35899,0.16925849129645887,Model Evaluation Results
73,56,0.032388663967611336,2,23.684931506849313,23.0,0,156,Mature,Leiden,1,3.5,1729,35899,0.21732990477248995,Model Evaluation Results
11,296,0.40437158469945356,2,66.54545454545455,6.0,0,157,Mature,Louvain,2,1.0,732,5941,0.26028771928842415,Model Evaluation Results
11,284,0.3879781420765027,2,66.54545454545455,5.0,0,158,Mature,Leiden,2,1.0,732,5941,0.28827982256425416,Model Evaluation Results
15,141,0.19262295081967212,2,48.8,33.0,0,159,Mature,Louvain,2,1.5,732,5941,0.21701583218046736,Model Evaluation Results
15,120,0.16393442622950818,2,48.8,50.0,0,160,Mature,Leiden,2,1.5,732,5941,0.2574336499338259,Model Evaluation Results
26,67,0.09153005464480875,2,28.153846153846153,27.5,0,161,Mature,Louvain,2,2.0,732,5941,0.1665111803541132,Model Evaluation Results
28,62,0.08469945355191257,2,26.142857142857142,25.5,0,162,Mature,Leiden,2,2.0,732,5941,0.2164196600692308,Model Evaluation Results
36,55,0.07513661202185792,2,20.333333333333332,18.5,0,163,Mature,Louvain,2,2.5,732,5941,0.14156653924044454,Model Evaluation Results
38,49,0.06693989071038252,2,19.263157894736842,17.0,0,164,Mature,Leiden,2,2.5,732,5941,0.1992611178751183,Model Evaluation Results
45,49,0.06693989071038252,2,16.266666666666666,15.0,0,165,Mature,Louvain,2,3.0,732,5941,0.13007191739860124,Model Evaluation Results
44,48,0.06557377049180328,2,16.636363636363637,17.0,0,166,Mature,Leiden,2,3.0,732,5941,0.1926763230681003,Model Evaluation Results
53,44,0.060109289617486336,2,13.81132075471698,11.0,0,167,Mature,Louvain,2,3.5,732,5941,0.1234918801293532,Model Evaluation Results
52,45,0.06147540983606557,2,14.076923076923077,12.0,0,168,Mature,Leiden,2,3.5,732,5941,0.18396618535953643,Model Evaluation Results
6,171,0.41304347826086957,2,69.0,61.5,0,169,Mature,Louvain,3,1.0,414,2562,0.2517285125428388,Model Evaluation Results
8,181,0.43719806763285024,2,51.75,13.0,0,170,Mature,Leiden,3,1.0,414,2562,0.30061470077594776,Model Evaluation Results
15,78,0.18840579710144928,2,27.6,27.0,0,171,Mature,Louvain,3,1.5,414,2562,0.1991280173284778,Model Evaluation Results
13,85,0.20531400966183574,2,31.846153846153847,27.0,0,172,Mature,Leiden,3,1.5,414,2562,0.26490186238429797,Model Evaluation Results
22,44,0.10628019323671498,2,18.818181818181817,18.5,0,173,Mature,Louvain,3,2.0,414,2562,0.15392365292061655,Model Evaluation Results
20,48,0.11594202898550725,2,20.7,16.0,0,174,Mature,Leiden,3,2.0,414,2562,0.22369026442432202,Model Evaluation Results
29,41,0.09903381642512077,2,14.275862068965518,10.0,0,175,Mature,Louvain,3,2.5,414,2562,0.13390338861833956,Model Evaluation Results
32,42,0.10144927536231885,2,12.9375,10.5,0,176,Mature,Leiden,3,2.5,414,2562,0.19508469427366035,Model Evaluation Results
38,35,0.08454106280193237,2,10.894736842105264,9.5,0,177,Mature,Louvain,3,3.0,414,2562,0.11442993615692164,Model Evaluation Results
39,36,0.08695652173913043,2,10.615384615384615,9.0,0,178,Mature,Leiden,3,3.0,414,2562,0.18388226472170874,Model Evaluation Results
46,32,0.07729468599033816,2,9.0,8.0,0,179,Mature,Louvain,3,3.5,414,2562,0.1051590208966622,Model Evaluation Results
43,33,0.07971014492753623,2,9.627906976744185,9.0,0,180,Mature,Leiden,3,3.5,414,2562,0.17398547253712912,Model Evaluation Results
5,102,0.379182156133829,3,53.8,77.0,0,181,Mature,Louvain,4,1.0,269,1417,0.2541910649946174,Model Evaluation Results
4,110,0.40892193308550184,6,67.25,76.5,0,182,Mature,Leiden,4,1.0,269,1417,0.2994749709769812,Model Evaluation Results
10,47,0.17472118959107807,4,26.9,25.5,0,183,Mature,Louvain,4,1.5,269,1417,0.19410810271902246,Model Evaluation Results
10,50,0.18587360594795538,1,26.9,24.0,1,184,Mature,Leiden,4,1.5,269,1417,0.2640756037808863,Model Evaluation Results
18,38,0.1412639405204461,4,14.944444444444445,13.0,0,185,Mature,Louvain,4,2.0,269,1417,0.14380429342429518,Model Evaluation Results
17,41,0.1524163568773234,4,15.823529411764707,14.0,0,186,Mature,Leiden,4,2.0,269,1417,0.20869779156118695,Model Evaluation Results
26,34,0.12639405204460966,2,10.346153846153847,7.5,0,187,Mature,Louvain,4,2.5,269,1417,0.11918772665313498,Model Evaluation Results
25,36,0.13382899628252787,2,10.76,8.0,0,188,Mature,Leiden,4,2.5,269,1417,0.19062507937440773,Model Evaluation Results
33,32,0.11895910780669144,2,8.151515151515152,7.0,0,189,Mature,Louvain,4,3.0,269,1417,0.10670835883897552,Model Evaluation Results
29,32,0.11895910780669144,2,9.275862068965518,8.0,0,190,Mature,Leiden,4,3.0,269,1417,0.18127670404091067,Model Evaluation Results
35,31,0.11524163568773234,2,7.685714285714286,7.0,0,191,Mature,Louvain,4,3.5,269,1417,0.10573853147237032,Model Evaluation Results
35,31,0.11524163568773234,2,7.685714285714286,6.0,0,192,Mature,Leiden,4,3.5,269,1417,0.17271522479579307,Model Evaluation Results
4,88,0.43781094527363185,4,50.25,54.5,0,193,Mature,Louvain,5,1.0,201,939,0.25073980263011725,Model Evaluation Results
3,126,0.6268656716417911,4,67.0,71.0,0,194,Mature,Leiden,5,1.0,201,939,0.280423172409413,Model Evaluation Results
10,57,0.2835820895522388,4,20.1,17.5,0,195,Mature,Louvain,5,1.5,201,939,0.18765631434022292,Model Evaluation Results
11,38,0.1890547263681592,4,18.272727272727273,16.0,0,196,Mature,Leiden,5,1.5,201,939,0.2568692364137862,Model Evaluation Results
16,35,0.17412935323383086,3,12.5625,11.5,0,197,Mature,Louvain,5,2.0,201,939,0.14600140673648615,Model Evaluation Results
16,35,0.17412935323383086,3,12.5625,10.5,0,198,Mature,Leiden,5,2.0,201,939,0.22199992968297227,Model Evaluation Results
23,29,0.14427860696517414,3,8.73913043478261,7.0,0,199,Mature,Louvain,5,2.5,201,939,0.11840137782504495,Model Evaluation Results
22,31,0.15422885572139303,2,9.136363636363637,7.0,0,200,Mature,Leiden,5,2.5,201,939,0.19784489651488393,Model Evaluation Results
30,24,0.11940298507462686,2,6.7,5.0,0,201,Mature,Louvain,5,3.0,201,939,0.10127282434693284,Model Evaluation Results
29,26,0.12935323383084577,1,6.931034482758621,6.0,1,202,Mature,Leiden,5,3.0,201,939,0.18321895474872432,Model Evaluation Results
33,23,0.11442786069651742,1,6.090909090909091,5.0,1,203,Mature,Louvain,5,3.5,201,939,0.09441080649127118,Model Evaluation Results
33,24,0.11940298507462686,1,6.090909090909091,5.0,1,204,Mature,Leiden,5,3.5,201,939,0.17447639332623355,Model Evaluation Results
5,64,0.4,2,32.0,44.0,0,205,Mature,Louvain,6,1.0,160,687,0.24680715185101584,Model Evaluation Results
5,63,0.39375,2,32.0,38.0,0,206,Mature,Leiden,6,1.0,160,687,0.28732501499039126,Model Evaluation Results
10,41,0.25625,3,16.0,16.0,0,207,Mature,Louvain,6,1.5,160,687,0.17460027282653645,Model Evaluation Results
9,37,0.23125,4,17.77777777777778,16.0,0,208,Mature,Leiden,6,1.5,160,687,0.24143958607450916,Model Evaluation Results
14,29,0.18125,4,11.428571428571429,9.0,0,209,Mature,Louvain,6,2.0,160,687,0.13889283936571145,Model Evaluation Results
16,27,0.16875,4,10.0,8.5,0,210,Mature,Leiden,6,2.0,160,687,0.21469524481480773,Model Evaluation Results
22,23,0.14375,2,7.2727272727272725,6.0,0,211,Mature,Louvain,6,2.5,160,687,0.11363084171254242,Model Evaluation Results
22,22,0.1375,1,7.2727272727272725,5.5,1,212,Mature,Leiden,6,2.5,160,687,0.1891925105250557,Model Evaluation Results
26,20,0.125,2,6.153846153846154,5.0,0,213,Mature,Louvain,6,3.0,160,687,0.10245302776381345,Model Evaluation Results
26,19,0.11875,1,6.153846153846154,5.0,1,214,Mature,Leiden,6,3.0,160,687,0.18196534094400266,Model Evaluation Results
30,18,0.1125,2,5.333333333333333,4.0,0,215,Mature,Louvain,6,3.5,160,687,0.08663174747979539,Model Evaluation Results
32,19,0.11875,1,5.0,4.5,3,216,Mature,Leiden,6,3.5,160,687,0.16557443391409177,Model Evaluation Results
9,573,0.30285412262156447,2,210.22222222222223,179.0,0,217,Explicit,Louvain,1,1.0,1892,55888,0.18228525515563054,Model Evaluation Results
11,423,0.22357293868921777,2,172.0,109.0,0,218,Explicit,Leiden,1,1.0,1892,55888,0.21369135837213674,Model Evaluation Results
24,263,0.13900634249471458,2,78.83333333333333,57.5,0,219,Explicit,Louvain,1,1.5,1892,55888,0.15025891735266214,Model Evaluation Results
23,254,0.13424947145877378,2,82.26086956521739,63.0,0,220,Explicit,Leiden,1,1.5,1892,55888,0.19493322388970408,Model Evaluation Results
40,163,0.08615221987315011,2,47.3,42.5,0,221,Explicit,Louvain,1,2.0,1892,55888,0.1296621282086621,Model Evaluation Results
44,179,0.09460887949260043,2,43.0,32.5,0,222,Explicit,Leiden,1,2.0,1892,55888,0.18070058735958888,Model Evaluation Results
60,120,0.06342494714587738,2,31.533333333333335,25.0,0,223,Explicit,Louvain,1,2.5,1892,55888,0.11713757371367489,Model Evaluation Results
61,146,0.07716701902748414,2,31.016393442622952,24.0,0,224,Explicit,Leiden,1,2.5,1892,55888,0.17048286063994372,Model Evaluation Results
76,75,0.03964059196617336,2,24.894736842105264,21.0,0,225,Explicit,Louvain,1,3.0,1892,55888,0.10923138213987062,Model Evaluation Results
75,81,0.04281183932346723,2,25.226666666666667,21.0,0,226,Explicit,Leiden,1,3.0,1892,55888,0.1652900138827202,Model Evaluation Results
89,79,0.04175475687103594,2,21.258426966292134,18.0,0,227,Explicit,Louvain,1,3.5,1892,55888,0.10340198814803706,Model Evaluation Results
88,77,0.040697674418604654,2,21.5,17.0,0,228,Explicit,Leiden,1,3.5,1892,55888,0.15970481116521207,Model Evaluation Results
5,433,0.45675105485232065,7,189.6,231.0,0,229,Explicit,Louvain,2,1.0,948,12932,0.16305333939571862,Model Evaluation Results
7,339,0.3575949367088608,2,135.42857142857142,75.0,0,230,Explicit,Leiden,2,1.0,948,12932,0.19244508308180147,Model Evaluation Results
19,135,0.14240506329113925,9,49.89473684210526,41.0,0,231,Explicit,Louvain,2,1.5,948,12932,0.11842667158303333,Model Evaluation Results
19,123,0.12974683544303797,15,49.89473684210526,42.0,0,232,Explicit,Leiden,2,1.5,948,12932,0.1636080324128045,Model Evaluation Results
33,130,0.1371308016877637,6,28.727272727272727,23.0,0,233,Explicit,Louvain,2,2.0,948,12932,0.09932193184443998,Model Evaluation Results
33,75,0.07911392405063292,3,28.727272727272727,21.0,0,234,Explicit,Leiden,2,2.0,948,12932,0.14587376506715424,Model Evaluation Results
44,59,0.06223628691983123,3,21.545454545454547,16.5,0,235,Explicit,Louvain,2,2.5,948,12932,0.0837963262021019,Model Evaluation Results
45,94,0.09915611814345991,1,21.066666666666666,17.0,1,236,Explicit,Leiden,2,2.5,948,12932,0.13064941444883515,Model Evaluation Results
60,60,0.06329113924050633,3,15.8,13.0,0,237,Explicit,Louvain,2,3.0,948,12932,0.07263676815809991,Model Evaluation Results
59,50,0.052742616033755275,4,16.06779661016949,12.0,0,238,Explicit,Leiden,2,3.0,948,12932,0.12159092914958629,Model Evaluation Results
68,55,0.0580168776371308,2,13.941176470588236,10.0,0,239,Explicit,Louvain,2,3.5,948,12932,0.06432103584322602,Model Evaluation Results
71,51,0.05379746835443038,2,13.352112676056338,11.0,0,240,Explicit,Leiden,2,3.5,948,12932,0.11221758159863363,Model Evaluation Results
7,207,0.34731543624161076,2,85.14285714285714,29.0,0,241,Explicit,Louvain,3,1.0,596,6563,0.15825636927763986,Model Evaluation Results
7,238,0.39932885906040266,2,85.14285714285714,8.0,0,242,Explicit,Leiden,3,1.0,596,6563,0.18636371456074935,Model Evaluation Results
19,78,0.13087248322147652,6,31.36842105263158,30.0,0,243,Explicit,Louvain,3,1.5,596,6563,0.10673054210802298,Model Evaluation Results
20,74,0.12416107382550336,7,29.8,28.5,0,244,Explicit,Leiden,3,1.5,596,6563,0.15277091764907139,Model Evaluation Results
30,70,0.1174496644295302,3,19.866666666666667,14.5,0,245,Explicit,Louvain,3,2.0,596,6563,0.09304545856237963,Model Evaluation Results
30,59,0.09899328859060402,4,19.866666666666667,15.5,0,246,Explicit,Leiden,3,2.0,596,6563,0.1396210927554124,Model Evaluation Results
37,52,0.087248322147651,3,16.10810810810811,13.0,0,247,Explicit,Louvain,3,2.5,596,6563,0.08154986963568885,Model Evaluation Results
37,53,0.08892617449664429,3,16.10810810810811,13.0,0,248,Explicit,Leiden,3,2.5,596,6563,0.1292566690724291,Model Evaluation Results
49,46,0.07718120805369127,3,12.16326530612245,9.0,0,249,Explicit,Louvain,3,3.0,596,6563,0.06663707232163736,Model Evaluation Results
50,46,0.07718120805369127,1,11.92,9.0,1,250,Explicit,Leiden,3,3.0,596,6563,0.11789634236729776,Model Evaluation Results
57,43,0.07214765100671142,2,10.456140350877194,8.0,0,251,Explicit,Louvain,3,3.5,596,6563,0.062104229574765274,Model Evaluation Results
60,43,0.07214765100671142,1,9.933333333333334,8.0,1,252,Explicit,Leiden,3,3.5,596,6563,0.11436599599159278,Model Evaluation Results
8,181,0.41043083900226757,2,55.125,5.0,0,253,Explicit,Louvain,4,1.0,441,4190,0.15757414121273172,Model Evaluation Results
6,233,0.528344671201814,2,73.5,41.5,0,254,Explicit,Leiden,4,1.0,441,4190,0.19151611120920942,Model Evaluation Results
18,60,0.1360544217687075,2,24.5,22.5,0,255,Explicit,Louvain,4,1.5,441,4190,0.10427756289203538,Model Evaluation Results
18,61,0.1383219954648526,2,24.5,22.0,0,256,Explicit,Leiden,4,1.5,441,4190,0.15415960834126036,Model Evaluation Results
28,57,0.1292517006802721,2,15.75,10.0,0,257,Explicit,Louvain,4,2.0,441,4190,0.08600535341165531,Model Evaluation Results
30,53,0.12018140589569161,2,14.7,10.5,0,258,Explicit,Leiden,4,2.0,441,4190,0.13471377469939227,Model Evaluation Results
38,52,0.11791383219954649,2,11.605263157894736,7.0,0,259,Explicit,Louvain,4,2.5,441,4190,0.07709622488439,Model Evaluation Results
37,52,0.11791383219954649,2,11.91891891891892,8.0,0,260,Explicit,Leiden,4,2.5,441,4190,0.1273649045061261,Model Evaluation Results
45,45,0.10204081632653061,2,9.8,6.0,0,261,Explicit,Louvain,4,3.0,441,4190,0.06571863592980984,Model Evaluation Results
46,45,0.10204081632653061,2,9.58695652173913,6.0,0,262,Explicit,Leiden,4,3.0,441,4190,0.11408342399507863,Model Evaluation Results
52,42,0.09523809523809523,2,8.48076923076923,5.0,0,263,Explicit,Louvain,4,3.5,441,4190,0.05793617113985628,Model Evaluation Results
54,42,0.09523809523809523,2,8.166666666666666,6.0,0,264,Explicit,Leiden,4,3.5,441,4190,0.10551608842510574,Model Evaluation Results
5,134,0.3785310734463277,3,70.8,69.0,0,265,Explicit,Louvain,5,1.0,354,2986,0.15669488312259777,Model Evaluation Results
6,191,0.53954802259887,3,59.0,33.0,0,266,Explicit,Leiden,5,1.0,354,2986,0.19655904827574458,Model Evaluation Results
16,69,0.19491525423728814,6,22.125,13.0,0,267,Explicit,Louvain,5,1.5,354,2986,0.10179163017394238,Model Evaluation Results
16,72,0.2033898305084746,2,22.125,16.5,0,268,Explicit,Leiden,5,1.5,354,2986,0.1544921174904634,Model Evaluation Results
25,50,0.14124293785310735,3,14.16,11.0,0,269,Explicit,Louvain,5,2.0,354,2986,0.08507991541515679,Model Evaluation Results
27,52,0.14689265536723164,2,13.11111111111111,10.0,0,270,Explicit,Leiden,5,2.0,354,2986,0.13194920793576098,Model Evaluation Results
37,43,0.12146892655367232,2,9.567567567567568,6.0,0,271,Explicit,Louvain,5,2.5,354,2986,0.07337606662927063,Model Evaluation Results
36,44,0.12429378531073447,2,9.833333333333334,6.0,0,272,Explicit,Leiden,5,2.5,354,2986,0.1292389153401294,Model Evaluation Results
43,38,0.10734463276836158,2,8.232558139534884,5.0,0,273,Explicit,Louvain,5,3.0,354,2986,0.059843719462850956,Model Evaluation Results
41,39,0.11016949152542373,2,8.634146341463415,7.0,0,274,Explicit,Leiden,5,3.0,354,2986,0.11448228594346742,Model Evaluation Results
48,35,0.09887005649717515,2,7.375,5.0,0,275,Explicit,Louvain,5,3.5,354,2986,0.05174279870008555,Model Evaluation Results
51,36,0.1016949152542373,1,6.9411764705882355,5.0,1,276,Explicit,Leiden,5,3.5,354,2986,0.10731729091644014,Model Evaluation Results
7,117,0.3952702702702703,2,42.285714285714285,6.0,0,277,Explicit,Louvain,6,1.0,296,2224,0.1565175148511652,Model Evaluation Results
7,124,0.4189189189189189,2,42.285714285714285,6.0,0,278,Explicit,Leiden,6,1.0,296,2224,0.19185022934889492,Model Evaluation Results
18,64,0.21621621621621623,2,16.444444444444443,10.0,0,279,Explicit,Louvain,6,1.5,296,2224,0.09889268742694757,Model Evaluation Results
16,72,0.24324324324324326,2,18.5,13.5,0,280,Explicit,Leiden,6,1.5,296,2224,0.1656616141439366,Model Evaluation Results
24,52,0.17567567567567569,2,12.333333333333334,8.0,0,281,Explicit,Louvain,6,2.0,296,2224,0.08587425079052755,Model Evaluation Results
25,53,0.17905405405405406,2,11.84,9.0,0,282,Explicit,Leiden,6,2.0,296,2224,0.1430271587586046,Model Evaluation Results
33,45,0.15202702702702703,2,8.969696969696969,7.0,0,283,Explicit,Louvain,6,2.5,296,2224,0.07388524034164205,Model Evaluation Results
31,46,0.1554054054054054,2,9.548387096774194,7.0,0,284,Explicit,Leiden,6,2.5,296,2224,0.13516199180943012,Model Evaluation Results
41,40,0.13513513513513514,2,7.219512195121951,5.0,0,285,Explicit,Louvain,6,3.0,296,2224,0.06136192545745192,Model Evaluation Results
40,40,0.13513513513513514,2,7.4,5.0,0,286,Explicit,Leiden,6,3.0,296,2224,0.12228699504425233,Model Evaluation Results
47,38,0.12837837837837837,1,6.297872340425532,4.0,2,287,Explicit,Louvain,6,3.5,296,2224,0.05414603651911145,Model Evaluation Results
46,38,0.12837837837837837,1,6.434782608695652,5.0,1,288,Explicit,Leiden,6,3.5,296,2224,0.11414161162077532,Model Evaluation Results
